sc,scc
scenario01,scenario06
scenario02,scenario35
scenario03,scenario32
scenario04,scenario30
scenario05,scenario29
scenario06,scenario31
scenario07,scenario28
scenario08,scenario26
scenario09,scenario15
scenario10,scenario25
scenario11,scenario34
scenario12,scenario24
scenario13,scenario22
scenario14,scenario27
scenario15,scenario03
scenario16,scenario19
scenario17,scenario33
scenario18,scenario23
scenario19,scenario14
scenario20,scenario09
scenario21,scenario16
scenario22,scenario20
scenario23,scenario11
scenario24,scenario13
scenario25,scenario08
scenario26,scenario10
scenario27,scenario07
scenario28,scenario17
scenario29,scenario04
scenario30,scenario18
scenario31,scenario36
scenario32,scenario01
scenario33,scenario05
scenario34,scenario21
scenario35,scenario12
scenario36,scenario02
